INSERT INTO users VALUES (1, 'James', 'Carter', 'user1', '$2a$10$42J38t6mQW2n9TZAh90.7uBdmmMgqHUymTcke.dRNvC2gy05gr.xi');
INSERT INTO users VALUES (2, 'Lily-Rose', 'Witt', 'user2', '$2a$10$QozdSCwoaXoyeKmtkaz/Du47Kopg9EA7mlX5J6hPuUXDNjPlJCOFy');
INSERT INTO users VALUES (3, 'Honor', 'Sellers', 'user3', '$2a$10$6uzMBuesc06I8wemZ6Ywle3LaSSobjzCB4K.Jp7l0yR4VjTk1dfmG');
INSERT INTO users VALUES (4, 'Esa', 'Rees', 'user4', '$2a$10$Jk1LXiaf75QBY0lANyVA8OFvhCJR6Iu5IK9Fwhq9YwOPzcMd/2ibW');
INSERT INTO users VALUES (5, 'Harold', 'Gregory', 'user5', '$2a$10$Wtpsarw/33BfjVYSA8BnqeR6hVxE3PSLU8pnSnZu4TZ8OIaT7lmdu');
INSERT INTO users VALUES (6, 'Kaleb', 'Atkinson', 'user6', '$2a$10$HfbsXapf5EeJ0diAj57j6uSq85d0gYf2N0nStuvprxChfWeIZB3GG');
INSERT INTO users VALUES (7, 'Brennan', 'Currie', 'user7', '$2a$10$6QPItRRN.2V920BesMRdAeVOrRSsN311gva6Kj7cgg2D8054Q130W');
INSERT INTO users VALUES (8, 'Fenton', 'Bravo', 'user8', '$2a$10$2.72Wz08suekx1joLN4Xde8.Y50oWUbgzyTYkgJK.ubpOA2aHfxKy');
INSERT INTO users VALUES (9, 'Portia', 'Crane', 'user9', '$2a$10$lyTTFsv1x.774ew4EjO1GeG1yucne2olv.BIWNBAx1N5YW46cnF12');
INSERT INTO users VALUES (10, 'Anais', 'Christian', 'user10', '$2a$10$R/J3GR292ft6Tq6cEdFrbOoomRqkw6Lh5Xn7rRndSqxy028g/ncxe');
INSERT INTO users VALUES (11, 'Phillipa', 'Faulkner', 'user11', '$2a$10$PhlTYjEUagN5RBADx0.c5.ur/QGyQZML4YccCWVqqudLtiRz5udbi');
INSERT INTO users VALUES (12, 'Mahir', 'Cannon', 'user12', '$2a$10$U8AcMZEX7P73eFrMJEGmCOzAut/IvPcuRuEhOkZPT1dSo8zv6NJqG');
INSERT INTO users VALUES (13, 'Cara', 'Key', 'user13', '$2a$10$8Vnzd2CgxkrC5eOjCMsIK.xWjHywyMKP4UiwnDFzjCPa56HU7s6Je');
INSERT INTO users VALUES (14, 'Thea', 'Walsh', 'user14', '$2a$10$jSa6iVIDK3Ec7CqRGvNiP.OVAXPVkVRatVmymGdMOBMjzFukXKTCm');
INSERT INTO users VALUES (15, 'Tiegan', 'Bush', 'user15', '$2a$10$UOj5eAcU8JvdpevQK8zjzue4uJWpQzYW8/bQ.xEejlQD5f1gMRoB6');
INSERT INTO users VALUES (16, 'Humaira', 'Hess', 'user16', '$2a$10$y5pkIH7IV6K7mIp59pX2y.N2Tmx9eLjEjxPI.31TMg0o0AkN8qoli');
INSERT INTO users VALUES (17, 'Reis', 'Sparks', 'user17', '$2a$10$2GlVRku3P1LBEYyXuVzAeuEg5H.jEPteXBNORfa3nUC1qyHMGNk5u');
INSERT INTO users VALUES (18, 'Trystan', 'Clay', 'user18', '$2a$10$m8pP2Ow2P1GeeyKw6l/P5O9/ZVlUrXeArswwx9p4JrPvIA3T3/bRa');
INSERT INTO users VALUES (19, 'Jodi', 'Hensley', 'user19', '$2a$10$YAQrYS9WistjnOwCbB8GwOGP9MCO4D/XjmLWzg5xe4WGOea5uPN9K');
INSERT INTO users VALUES (20, 'Arjun', 'Weir', 'user20', '$2a$10$35r3wTVXvH/2JIPJu9OLgOCaaZ6vnzpLCc0M04avc2cT2fxl6RbMi');
INSERT INTO users VALUES (21, 'Sohail', 'Molloy', 'user21', '$2a$10$OUKnMmE9lDzJ.C.RrtsqS.tb/u1tvYbWNH1VhEDN45MP/QoTBQkF.');
INSERT INTO users VALUES (22, 'Kallum', 'Prince', 'user22', '$2a$10$yUDJCR5EnD5W6aBR.nHyFufN4qiEfSxL3tWPNL0TsruVpcQ9XmCM.');
INSERT INTO users VALUES (23, 'Lucien', 'Roth', 'user23', '$2a$10$cusno9e8yiO9UKbmooESVOsw1s./ZGbQTTs3pexa4yw7HfZ/fTkSS');
INSERT INTO users VALUES (24, 'Mathew', 'Swan', 'user24', '$2a$10$yobU4xdqN.AhFQ5QDBMp3Ove/Z9abs.yVEqpypcFNM6sNE0mxzY4.');
INSERT INTO users VALUES (25, 'Rodrigo', 'Barton', 'user25', '$2a$10$2tr9oICcK3W1RelBbbPUo.Gr/87vONiNaiTbZTWqnHEMycthAdNL.');
INSERT INTO users VALUES (26, 'Callam', 'Sharpe', 'user26', '$2a$10$Vu9UjpbrBhFM2yjVMi4XiuBD9VK6WzzPSaznj52ZPwzYexoCo3Fue');
INSERT INTO users VALUES (27, 'Theo', 'Malone', 'user27', '$2a$10$a3FOfzQ.3taZ1kDDdTdcluzyqEbGuV7FKWZy8iD8AAiVBaFKyAOsq');
INSERT INTO users VALUES (28, 'Evalyn', 'Dillon', 'user28', '$2a$10$Qu48yZtGahII.uLs/xUzcuPLRqjwoEjSqKuTUFwNXHhefLVQscl.y');
INSERT INTO users VALUES (29, 'Marley', 'Daly', 'user29', '$2a$10$QaHuj12MNEWMSX2CGk.kAe8.UaO9pMeyLTo1lCUyNVpNRks9QDuBi');
INSERT INTO users VALUES (30, 'Reeva', 'Lacey', 'user30', '$2a$10$sThblKX9xFnzrrV.bV9oGejAVND6SHK5VHSKrxE9akp1L8cSeWeaC');
INSERT INTO users VALUES (31, 'Demi-Leigh', 'Montes', 'user31', '$2a$10$pdgdtWxExHq5OUIjXT71BeBetsAyCaNDh41x.H66xmQyvc5aOHsAm');
INSERT INTO users VALUES (32, 'Mustafa', 'Findlay', 'user32', '$2a$10$iXWmJMMKdclCkZW9PBP8COLhXLpNQ9FDv.CqMgvhHIe2aI5LEoWDG');
INSERT INTO users VALUES (33, 'Egon', 'Quinn', 'user33', '$2a$10$uR.Cf5W0.DNT0EgZ3R6NvOsNLP8/gb4Mcjl.SqTWfm9wtkamtFzV6');
INSERT INTO users VALUES (34, 'Lacy', 'Ball', 'user34', '$2a$10$l0CnpJQQLhs777bYWFyD5uxnxswhVVmUP45AuBlSXORt4Z8U.NsVS');
INSERT INTO users VALUES (35, 'Zayden', 'Knott', 'user35', '$2a$10$n09166vsIBhCuUaWIF.K8eIHiAcHIV/oM/7vMW.nj4DpRkAhXuNu.');
INSERT INTO users VALUES (36, 'Flynn', 'Sykes', 'user36', '$2a$10$AA1d3p2db4ZOnMKg3EPzkemI6xuJxnb6wpjQfHz5kgZQqnd3KnxuO');
INSERT INTO users VALUES (37, 'Phyllis', 'Mcdonnell', 'user37', '$2a$10$levJF83O74GSQQlTkuwCPuaQUEcS8U2VMC9PjfNMU/4Ho4TgCfOsO');
INSERT INTO users VALUES (38, 'Korban', 'Hodgson', 'user38', '$2a$10$pLXSSzp4OHXA7K95LVJ8E.CkSCBB6Pb2PwT5DqQSeO7uCQr0hBmvW');
INSERT INTO users VALUES (39, 'Bob', 'Delacruz', 'user39', '$2a$10$L4gVSRCyGIV5HjOO3R.sp.N12plGSetMaQ/8iL42WTnvVZn0GEh0m');
INSERT INTO users VALUES (40, 'Olivier', 'Ibarra', 'user40', '$2a$10$9nftiOw4J0tmsLT1kncmwuTnVOAQ95ho9xxPv2/STUJNqw1Rstzju');
INSERT INTO users VALUES (41, 'Nasir', 'Baldwin', 'user41', '$2a$10$7LPYPok8z1hVJ0gn6KpCnutWKDajf33//n1aDVq7q2lUC7XZp83RS');
INSERT INTO users VALUES (42, 'Stuart', 'Pitts', 'user42', '$2a$10$SHUBYVKopY2K/onBx.tyX.jKvW.wVRfs0lN.VIdnEMQz0ykkffePi');
INSERT INTO users VALUES (43, 'Jay-Jay', 'Trujillo', 'user43', '$2a$10$J0RijXbjQT8JpNJCHHMsiOFMPr61vVFX74EQaxZoW9Y0X1fthPPTW');
INSERT INTO users VALUES (44, 'Jayde', 'Cantu', 'user44', '$2a$10$lgRH8KheOtOYGgyyb0csX.8uh8lsMCu.6rQufAoMSCH8ud6o9Ppl2');
INSERT INTO users VALUES (45, 'Kiyan', 'Duran', 'user45', '$2a$10$pWyF26DQdT3IT5wwPC6Oi.xE6nJM5.Z.IayiRs3DGFlbxTlmXKbB.');
INSERT INTO users VALUES (46, 'Lillie-Mae', 'Keeling', 'user46', '$2a$10$VwYMPlmv2NBPoJt4I5exf.8EhrVBbbpcSFu6bV/MYUW3ApqnAaoOu');
INSERT INTO users VALUES (47, 'Luc', 'Cobb', 'user47', '$2a$10$sjcxWDzf/xPMz.cu0ugkWelDXyzNgGRl8ZzulVUCv3oJowVNLs5YG');
INSERT INTO users VALUES (48, 'Ellena', 'Harper', 'user48', '$2a$10$yr8vOFsMX2kml7Hvpmso1uT6Fk1Mf1X.uNLTNEfMmUzGJrzWtVq1a');
INSERT INTO users VALUES (49, 'Augustus', 'Galindo', 'user49', '$2a$10$v/ifzkx/GoK1fX5nuQt6YOETYFa8HQ0I4ozZOmJeEnIMIehudgwfC');
INSERT INTO users VALUES (50, 'Levi', 'Krueger', 'user50', '$2a$10$jtyjskPoU5pbdEPXtXyXcOzFh5LEl0feN2uuRya40LhsxkPp/lG2q');
INSERT INTO users VALUES (51, 'Mildred', 'Sutherland', 'user51', '$2a$10$a.hkd7FjzsBkrTjbB6DKYONdNTjYRC0DkjMfA10Dl4vwesQi4crnq');
INSERT INTO users VALUES (52, 'Robbie', 'Wheatley', 'user52', '$2a$10$g9txkapkwepwVUgX36k/Qezn7TO2kSMh6W7i1jbItQN0.nMBRL40K');
INSERT INTO users VALUES (53, 'Dianne', 'Charlton', 'user53', '$2a$10$1xOx.Q.eI2h1KlyLaHZW6.4GpjL908Hq1FDjkpRrKOVlZYLmK.4QS');
INSERT INTO users VALUES (54, 'Greyson', 'Bateman', 'user54', '$2a$10$SAjnCQRFv/x4LwodfYBMAOvpij9R2S0O2ZMr0x9YA6gG8E6UFTLgW');
INSERT INTO users VALUES (55, 'Jayden', 'Forbes', 'user55', '$2a$10$A/gXJKRxr6wid8lXChbPl.01cjfG0rwcxBRvbhb7T0NpPtajqWIW.');
INSERT INTO users VALUES (56, 'Aahil', 'Vincent', 'user56', '$2a$10$CjN5EYllp.7w0JDI/ubeF.rc6F1xdTkXJIPc2668QbuI1HvwqZlGq');
INSERT INTO users VALUES (57, 'Chantelle', 'Gamble', 'user57', '$2a$10$nJhzTLpijjlgQAQf7MgzweuqD4LcnyL7jWAlKKutGjfennOFHfGNm');
INSERT INTO users VALUES (58, 'Amandeep', 'Weston', 'user58', '$2a$10$LM3O.cjn3D.Jf5v3L7bDlONGs/e0DI3/UQ3B2Pg2DYfSrls2qLmrW');
INSERT INTO users VALUES (59, 'Star', 'Fields', 'user59', '$2a$10$qXiJQS7X.QXoXg5njrEdI.ozmoQYAn0rHGf14xdzi/16ExQpop1MS');
INSERT INTO users VALUES (60, 'Darrell', 'Mcloughlin', 'user60', '$2a$10$oNeqAa4zi3bmnBnNkAyaP.ja4K0A.lRkLqFyr5L6AWfTdSky10s12');
INSERT INTO users VALUES (61, 'Shamima', 'Leonard', 'user61', '$2a$10$bh672Bxiu23.ZwaCMFkZQeOw/1RrmMo5GsAegZa.4OPstXukyzjv.');
INSERT INTO users VALUES (62, 'Sabrina', 'Higgins', 'user62', '$2a$10$pVts.pR2HeHpu735q8pjy.YX0Rl3vb9rlX5QctZCaHCWzycddPN56');
INSERT INTO users VALUES (63, 'Beck', 'Joyner', 'user63', '$2a$10$.kizv6nboVekP1q86vWnG.9honYPHz96e7Hhmbj5Lhz7og6omCrnC');
INSERT INTO users VALUES (64, 'Marcus', 'Thornton', 'user64', '$2a$10$sL2OTls/7q4jLYdweWhlxunt6oeEnOB.qcNP8Ybo5o0Kjqs/Hf2xW');
INSERT INTO users VALUES (65, 'Sharon', 'Maxwell', 'user65', '$2a$10$PgY1hQpkr1oZpYEuM8PeK.nsumrPW2gPu4U9l8ON91iagjJqYL3w.');
INSERT INTO users VALUES (66, 'Ellen', 'Rivas', 'user66', '$2a$10$XCnDcYZPYrWTvy8P7s9g8Olke.rHcrjV5akocjb9oTBiQinccyQr6');
INSERT INTO users VALUES (67, 'Alaw', 'Washington', 'user67', '$2a$10$w5QIxkKcUeKQXHQSZ9xVfOBNTtI9iI61ylDlB8uHrkZlDeWF.yaFW');
INSERT INTO users VALUES (68, 'Lisa', 'Macias', 'user68', '$2a$10$zYefcow1ADslErTw.HLxJ.C78p3HndK5bjUTM7ZtYuMcW.speHWmG');
INSERT INTO users VALUES (69, 'Ruqayyah', 'Carson', 'user69', '$2a$10$dADcYSzSNl9TMXlJJUq5ZeKVzORK5/3o7zqbsfaLCn72qDoZYvm42');
INSERT INTO users VALUES (70, 'Alima', 'House', 'user70', '$2a$10$4gpO57UkmyoeQ5hOVpJCA.u7TGd4tmaggJdTXN/.roSjzyw50UERu');
INSERT INTO users VALUES (71, 'Yvie', 'Garcia', 'user71', '$2a$10$k2XE7j2m1C/L6.2t3wGCBu8ogXLwZOtIC9u3bHXdZ5RnGN1q9wiY6');
INSERT INTO users VALUES (72, 'Stewart', 'Rosario', 'user72', '$2a$10$kcPaW34LlTPV7mmZ22qFaOkI51HqRg6AHl1BeCuYKeq4OrASe/9v2');
INSERT INTO users VALUES (73, 'Imogen', 'Palacios', 'user73', '$2a$10$86vJk/UaHtTgPidvQN8su.YNaFWHuZ7anr3zN8j62eZ3IpkEThQ9W');
INSERT INTO users VALUES (74, 'Cerys', 'Pearce', 'user74', '$2a$10$crzki8hixVjNcotXA7kZ5uoTx98MDjkMXycw04arFWPZclBoa8/bW');
INSERT INTO users VALUES (75, 'Zach', 'Aguilar', 'user75', '$2a$10$Hmh8b1/UCGOqR8w96/61fuIZCd.eqJd5O4MV7r8Ok3jNOz.cCdNAO');
INSERT INTO users VALUES (76, 'Imaad', 'Bloom', 'user76', '$2a$10$AafiqWQ.0P4gktBy6uZhMOF9ZVGSFJ8Eg0vegYy69JUeny0GqGshO');
INSERT INTO users VALUES (77, 'Lacey-Mae', 'Andrews', 'user77', '$2a$10$lgybcPuUyx7kWKhYOZD4aeV/fyJ1x9bOUnd0T5OE5prIrnsuB1xcG');
INSERT INTO users VALUES (78, 'Reilly', 'Burke', 'user78', '$2a$10$UHR5Us2WAjSrcmE9YCOKze6a9CeIgUYZKwsNabXOqEF6x07Ks/m16');
INSERT INTO users VALUES (79, 'Ali', 'Bowen', 'user79', '$2a$10$xbXUooZ2bAOH9FyDPoPlTOw.QaL7T7Ht5qLB1SO.of5F/kQ1ZB.o6');
INSERT INTO users VALUES (80, 'Shiv', 'Osborne', 'user80', '$2a$10$wr3BjS8H4IcRyPiWReq4O.vryPJPnUvUXAOggJeddX57/U.C1arby');
INSERT INTO users VALUES (81, 'June', 'Mccoy', 'user81', '$2a$10$C.ZpesM0vQX4FU5hV9Asze/xu3CJvDJk5R5kz7tLGbUvwUExFl.QK');
INSERT INTO users VALUES (82, 'Ozan', 'Valencia', 'user82', '$2a$10$Kw81wu55We.KBC9VaI2nFuZjptu.33IvdVZz8JV30/FEtBr6U9YYm');
INSERT INTO users VALUES (83, 'August', 'Allison', 'user83', '$2a$10$WfR9xvAe2ATgM.GTFbpmmuc2cDHsY9fBzlgFRKVqU8AuUYu0NxAH2');
INSERT INTO users VALUES (84, 'Inaaya', 'Lees', 'user84', '$2a$10$atgLYVRbijfjsBwaMU9Lo.sjSZIK1xj5aCVlCBJe8THxzcceB1C/S');
INSERT INTO users VALUES (85, 'Deborah', 'Beaumont', 'user85', '$2a$10$SESexCXY61n8BP79JAolMO3cn7tmjH44ZOtUwo4odf2dO4/FAIALW');
INSERT INTO users VALUES (86, 'Ayrton', 'Bass', 'user86', '$2a$10$1p/ApgIIszuH9hyx7sGS4.XovXao/q6BayFCg4t01gD8zkcT.ZkLa');
INSERT INTO users VALUES (87, 'Yvette', 'Cottrell', 'user87', '$2a$10$tixQtTFx9x4XVizo.RBH.uVm6Ya2yhJJ5TByQttjc1miN91h6VUeO');
INSERT INTO users VALUES (88, 'Koa', 'Rios', 'user88', '$2a$10$UTRvEyUbH4aw1dE/KPBIjeIurcg8ASE9BqyK6QkW4JBcaWLQA68wu');
INSERT INTO users VALUES (89, 'Cari', 'Donaldson', 'user89', '$2a$10$dINYIucXd5Lj59fkyqmUOuKT7Fx2ABcXluNRF/W1QKxQfCSPRKnOS');
INSERT INTO users VALUES (90, 'Tolga', 'Forrest', 'user90', '$2a$10$5nRp0vAzAwlau5JdphemCe5IiueyGP4X1z3Y6D5um6cu2dnMIlM0i');
INSERT INTO users VALUES (91, 'Farhana', 'Kaufman', 'user91', '$2a$10$lrdUeQNswMXgwukoFMUcM.G3wkah6XgSuZVVojz6O8gn2ZrG.STrq');
INSERT INTO users VALUES (92, 'Ariadne', 'Hamer', 'user92', '$2a$10$983XcltuTg0sQZycvv419.KKzdWJ2vaom5L8ronPyFacWUUVCBF8S');
INSERT INTO users VALUES (93, 'Hadassah', 'Pike', 'user93', '$2a$10$4kJ48IMMFdTBaL5W1Vk9cegwZlPqRgtjXlmqFFg6JtH49i6dxaNim');
INSERT INTO users VALUES (94, 'Jorden', 'Wallace', 'user94', '$2a$10$wbTA1/3OAnLQY2qRoJ0kluN.A1m3ObXIesoFymPn3S.kxmBGf1Nta');
INSERT INTO users VALUES (95, 'Gregory', 'Willis', 'user95', '$2a$10$44WDTeIAfjaOzFrnyB0OEuYx7N1Di8ME1xP5xltomJe5NxyBSttIi');
INSERT INTO users VALUES (96, 'Vincent', 'Trejo', 'user96', '$2a$10$w.wo07RnzqA9GGlgG0rcQuoWsmWigZXc3oq8ZAHyEBipiVbrzJnuC');
INSERT INTO users VALUES (97, 'Kenzo', 'Gunn', 'user97', '$2a$10$eASOLxw9gC6x3g9HMmUNGeK7BtREdj4mmEePpl4PYkvf4QCHzHfHm');
INSERT INTO users VALUES (98, 'Musab', 'Farley', 'user98', '$2a$10$Q35y0KVBuCrq//O6PYd6PeacTNja0ZQtZIueNZES0sSNHbinm8Sam');
INSERT INTO users VALUES (99, 'Poppy-Mae', 'Carter', 'user99', '$2a$10$CxpqEKzAP21LUNLjMlfp4uPHNJpopM6V5ap4/sFZqkcH0AT0x.xH2');
INSERT INTO users VALUES (100, 'Patsy', 'Sweeney', 'user100', '$2a$10$QlQw3FYPWSgSpXWMLKU.bekb3Ihw2AAaU14yzHET8nfNiZEdEAer.');

INSERT INTO categories VALUES(0, 'All');
INSERT INTO categories VALUES(1, 'Fiction');
INSERT INTO categories VALUES(2, 'Non-Fiction');
INSERT INTO categories VALUES(3, 'Programming');
INSERT INTO categories VALUES(4, 'Kids');

INSERT INTO books VALUES(1, 3, 'Lois Hughes', '20000 Lines of C', 4.5, 19.99, 350, '1234567890', '123-1234567890', 'Pluralsight Books', '20000-lines-of-c.png', 'Lorem ipsum dolor sit amet, per ut erant dicit iracundia, simul equidem has ne. Justo decore aperiam et sea, in velit cetero labores est. Brute mucius intellegam ne nam, timeam sapientem vix et. Et nullam habemus expetendis nam, commodo appetere interpretaris per an, ea quot labores vis. At sit assum blandit singulis.<br/><br/>Cu prima virtute vel, accusam signiferumque ne nam, cu ius utinam verear pertinax. Vim admodum partiendo id, ex sit euismod utroque, ex veniam homero est. Pro eu blandit recusabo eloquentiam, id audire reprehendunt has. Eu illum eleifend torquatos mea, at audiam albucius sea. Congue decore similique in est.<br/><br/>Regione laoreet ad est. Ne aliquam accumsan eos, partem graecis erroribus id quo. Mei ut quodsi inermis. Id errem mnesarchum vix. Pro quodsi tincidunt in, probatus deserunt interesset nec ei.<br/><br/>Vero atqui ad vix, ex vel libris nemore numquam. Eu has diceret dolorum, in pri sale mucius, meis senserit honestatis vim ne. Ei eum vero adhuc nominati. No lorem recteque principes vim, nec ne soleat eripuit interesset, cum deleniti cotidieque an. Facer sanctus impedit nec ut.<br/><br/>Ne vis ipsum virtute lobortis. Ut timeam veritus quo. Eum in phaedrum signiferumque. Ea quo postea erroribus, duo odio velit sensibus at, vis in duis facer discere. Vim falli intellegebat delicatissimi ad, at vel vidit liber similique.');
INSERT INTO books VALUES(2, 1, 'Phyllis Bove', 'Arrays in the Sun', 4.0, 19.99, 350, '1234567890', '123-1234567890', 'Pluralsight Books', 'arrays-in-the-sun.png', 'Lorem ipsum dolor sit amet, per ut erant dicit iracundia, simul equidem has ne. Justo decore aperiam et sea, in velit cetero labores est. Brute mucius intellegam ne nam, timeam sapientem vix et. Et nullam habemus expetendis nam, commodo appetere interpretaris per an, ea quot labores vis. At sit assum blandit singulis.<br/><br/>Cu prima virtute vel, accusam signiferumque ne nam, cu ius utinam verear pertinax. Vim admodum partiendo id, ex sit euismod utroque, ex veniam homero est. Pro eu blandit recusabo eloquentiam, id audire reprehendunt has. Eu illum eleifend torquatos mea, at audiam albucius sea. Congue decore similique in est.<br/><br/>Regione laoreet ad est. Ne aliquam accumsan eos, partem graecis erroribus id quo. Mei ut quodsi inermis. Id errem mnesarchum vix. Pro quodsi tincidunt in, probatus deserunt interesset nec ei.<br/><br/>Vero atqui ad vix, ex vel libris nemore numquam. Eu has diceret dolorum, in pri sale mucius, meis senserit honestatis vim ne. Ei eum vero adhuc nominati. No lorem recteque principes vim, nec ne soleat eripuit interesset, cum deleniti cotidieque an. Facer sanctus impedit nec ut.<br/><br/>Ne vis ipsum virtute lobortis. Ut timeam veritus quo. Eum in phaedrum signiferumque. Ea quo postea erroribus, duo odio velit sensibus at, vis in duis facer discere. Vim falli intellegebat delicatissimi ad, at vel vidit liber similique.');
INSERT INTO books VALUES(3, 2, 'John Walker', 'Binary New World', 0.0, 19.99, 350, '1234567890', '123-1234567890', 'Pluralsight Books', 'binary-new-world.png', 'Lorem ipsum dolor sit amet, per ut erant dicit iracundia, simul equidem has ne. Justo decore aperiam et sea, in velit cetero labores est. Brute mucius intellegam ne nam, timeam sapientem vix et. Et nullam habemus expetendis nam, commodo appetere interpretaris per an, ea quot labores vis. At sit assum blandit singulis.<br/><br/>Cu prima virtute vel, accusam signiferumque ne nam, cu ius utinam verear pertinax. Vim admodum partiendo id, ex sit euismod utroque, ex veniam homero est. Pro eu blandit recusabo eloquentiam, id audire reprehendunt has. Eu illum eleifend torquatos mea, at audiam albucius sea. Congue decore similique in est.<br/><br/>Regione laoreet ad est. Ne aliquam accumsan eos, partem graecis erroribus id quo. Mei ut quodsi inermis. Id errem mnesarchum vix. Pro quodsi tincidunt in, probatus deserunt interesset nec ei.<br/><br/>Vero atqui ad vix, ex vel libris nemore numquam. Eu has diceret dolorum, in pri sale mucius, meis senserit honestatis vim ne. Ei eum vero adhuc nominati. No lorem recteque principes vim, nec ne soleat eripuit interesset, cum deleniti cotidieque an. Facer sanctus impedit nec ut.<br/><br/>Ne vis ipsum virtute lobortis. Ut timeam veritus quo. Eum in phaedrum signiferumque. Ea quo postea erroribus, duo odio velit sensibus at, vis in duis facer discere. Vim falli intellegebat delicatissimi ad, at vel vidit liber similique.');
INSERT INTO books VALUES(4, 1, 'Ismael Moffatt', 'Bit and The Endian', 5.0, 19.99, 350, '1234567890', '123-1234567890', 'Pluralsight Books', 'bit-and-the-endian.png', 'Lorem ipsum dolor sit amet, per ut erant dicit iracundia, simul equidem has ne. Justo decore aperiam et sea, in velit cetero labores est. Brute mucius intellegam ne nam, timeam sapientem vix et. Et nullam habemus expetendis nam, commodo appetere interpretaris per an, ea quot labores vis. At sit assum blandit singulis.<br/><br/>Cu prima virtute vel, accusam signiferumque ne nam, cu ius utinam verear pertinax. Vim admodum partiendo id, ex sit euismod utroque, ex veniam homero est. Pro eu blandit recusabo eloquentiam, id audire reprehendunt has. Eu illum eleifend torquatos mea, at audiam albucius sea. Congue decore similique in est.<br/><br/>Regione laoreet ad est. Ne aliquam accumsan eos, partem graecis erroribus id quo. Mei ut quodsi inermis. Id errem mnesarchum vix. Pro quodsi tincidunt in, probatus deserunt interesset nec ei.<br/><br/>Vero atqui ad vix, ex vel libris nemore numquam. Eu has diceret dolorum, in pri sale mucius, meis senserit honestatis vim ne. Ei eum vero adhuc nominati. No lorem recteque principes vim, nec ne soleat eripuit interesset, cum deleniti cotidieque an. Facer sanctus impedit nec ut.<br/><br/>Ne vis ipsum virtute lobortis. Ut timeam veritus quo. Eum in phaedrum signiferumque. Ea quo postea erroribus, duo odio velit sensibus at, vis in duis facer discere. Vim falli intellegebat delicatissimi ad, at vel vidit liber similique.');
INSERT INTO books VALUES(5, 2, 'Raymond Sevier', 'Brief History of Datetime', 4.5, 19.99, 350, '1234567890', '123-1234567890', 'Pluralsight Books', 'brief-history-of-datetime.png', 'Lorem ipsum dolor sit amet, per ut erant dicit iracundia, simul equidem has ne. Justo decore aperiam et sea, in velit cetero labores est. Brute mucius intellegam ne nam, timeam sapientem vix et. Et nullam habemus expetendis nam, commodo appetere interpretaris per an, ea quot labores vis. At sit assum blandit singulis.<br/><br/>Cu prima virtute vel, accusam signiferumque ne nam, cu ius utinam verear pertinax. Vim admodum partiendo id, ex sit euismod utroque, ex veniam homero est. Pro eu blandit recusabo eloquentiam, id audire reprehendunt has. Eu illum eleifend torquatos mea, at audiam albucius sea. Congue decore similique in est.<br/><br/>Regione laoreet ad est. Ne aliquam accumsan eos, partem graecis erroribus id quo. Mei ut quodsi inermis. Id errem mnesarchum vix. Pro quodsi tincidunt in, probatus deserunt interesset nec ei.<br/><br/>Vero atqui ad vix, ex vel libris nemore numquam. Eu has diceret dolorum, in pri sale mucius, meis senserit honestatis vim ne. Ei eum vero adhuc nominati. No lorem recteque principes vim, nec ne soleat eripuit interesset, cum deleniti cotidieque an. Facer sanctus impedit nec ut.<br/><br/>Ne vis ipsum virtute lobortis. Ut timeam veritus quo. Eum in phaedrum signiferumque. Ea quo postea erroribus, duo odio velit sensibus at, vis in duis facer discere. Vim falli intellegebat delicatissimi ad, at vel vidit liber similique.');
INSERT INTO books VALUES(6, 1, 'Tony Gorman', 'Catch 10110', 5.0, 19.99, 350, '1234567890', '123-1234567890', 'Pluralsight Books', 'catch-10110.png', 'Lorem ipsum dolor sit amet, per ut erant dicit iracundia, simul equidem has ne. Justo decore aperiam et sea, in velit cetero labores est. Brute mucius intellegam ne nam, timeam sapientem vix et. Et nullam habemus expetendis nam, commodo appetere interpretaris per an, ea quot labores vis. At sit assum blandit singulis.<br/><br/>Cu prima virtute vel, accusam signiferumque ne nam, cu ius utinam verear pertinax. Vim admodum partiendo id, ex sit euismod utroque, ex veniam homero est. Pro eu blandit recusabo eloquentiam, id audire reprehendunt has. Eu illum eleifend torquatos mea, at audiam albucius sea. Congue decore similique in est.<br/><br/>Regione laoreet ad est. Ne aliquam accumsan eos, partem graecis erroribus id quo. Mei ut quodsi inermis. Id errem mnesarchum vix. Pro quodsi tincidunt in, probatus deserunt interesset nec ei.<br/><br/>Vero atqui ad vix, ex vel libris nemore numquam. Eu has diceret dolorum, in pri sale mucius, meis senserit honestatis vim ne. Ei eum vero adhuc nominati. No lorem recteque principes vim, nec ne soleat eripuit interesset, cum deleniti cotidieque an. Facer sanctus impedit nec ut.<br/><br/>Ne vis ipsum virtute lobortis. Ut timeam veritus quo. Eum in phaedrum signiferumque. Ea quo postea erroribus, duo odio velit sensibus at, vis in duis facer discere. Vim falli intellegebat delicatissimi ad, at vel vidit liber similique.');
INSERT INTO books VALUES(7, 1, 'Kimberly Epps', 'Do Androids Dream of Google', 0.0, 19.99, 350, '1234567890', '123-1234567890', 'Pluralsight Books', 'do-androids-dream-of-google.png', 'Lorem ipsum dolor sit amet, per ut erant dicit iracundia, simul equidem has ne. Justo decore aperiam et sea, in velit cetero labores est. Brute mucius intellegam ne nam, timeam sapientem vix et. Et nullam habemus expetendis nam, commodo appetere interpretaris per an, ea quot labores vis. At sit assum blandit singulis.<br/><br/>Cu prima virtute vel, accusam signiferumque ne nam, cu ius utinam verear pertinax. Vim admodum partiendo id, ex sit euismod utroque, ex veniam homero est. Pro eu blandit recusabo eloquentiam, id audire reprehendunt has. Eu illum eleifend torquatos mea, at audiam albucius sea. Congue decore similique in est.<br/><br/>Regione laoreet ad est. Ne aliquam accumsan eos, partem graecis erroribus id quo. Mei ut quodsi inermis. Id errem mnesarchum vix. Pro quodsi tincidunt in, probatus deserunt interesset nec ei.<br/><br/>Vero atqui ad vix, ex vel libris nemore numquam. Eu has diceret dolorum, in pri sale mucius, meis senserit honestatis vim ne. Ei eum vero adhuc nominati. No lorem recteque principes vim, nec ne soleat eripuit interesset, cum deleniti cotidieque an. Facer sanctus impedit nec ut.<br/><br/>Ne vis ipsum virtute lobortis. Ut timeam veritus quo. Eum in phaedrum signiferumque. Ea quo postea erroribus, duo odio velit sensibus at, vis in duis facer discere. Vim falli intellegebat delicatissimi ad, at vel vidit liber similique.');
INSERT INTO books VALUES(8, 1, 'Stella Pardee', 'Fear and Debugging in Las Vegas', 4.5, 19.99, 350, '1234567890', '123-1234567890', 'Pluralsight Books', 'fear-and-debugging-in-las-vegas.png', 'Lorem ipsum dolor sit amet, per ut erant dicit iracundia, simul equidem has ne. Justo decore aperiam et sea, in velit cetero labores est. Brute mucius intellegam ne nam, timeam sapientem vix et. Et nullam habemus expetendis nam, commodo appetere interpretaris per an, ea quot labores vis. At sit assum blandit singulis.<br/><br/>Cu prima virtute vel, accusam signiferumque ne nam, cu ius utinam verear pertinax. Vim admodum partiendo id, ex sit euismod utroque, ex veniam homero est. Pro eu blandit recusabo eloquentiam, id audire reprehendunt has. Eu illum eleifend torquatos mea, at audiam albucius sea. Congue decore similique in est.<br/><br/>Regione laoreet ad est. Ne aliquam accumsan eos, partem graecis erroribus id quo. Mei ut quodsi inermis. Id errem mnesarchum vix. Pro quodsi tincidunt in, probatus deserunt interesset nec ei.<br/><br/>Vero atqui ad vix, ex vel libris nemore numquam. Eu has diceret dolorum, in pri sale mucius, meis senserit honestatis vim ne. Ei eum vero adhuc nominati. No lorem recteque principes vim, nec ne soleat eripuit interesset, cum deleniti cotidieque an. Facer sanctus impedit nec ut.<br/><br/>Ne vis ipsum virtute lobortis. Ut timeam veritus quo. Eum in phaedrum signiferumque. Ea quo postea erroribus, duo odio velit sensibus at, vis in duis facer discere. Vim falli intellegebat delicatissimi ad, at vel vidit liber similique.');
INSERT INTO books VALUES(9, 2, 'Maxine Hill', 'Infinite Loop', 4.0, 19.99, 350, '1234567890', '123-1234567890', 'Pluralsight Books', 'infinite-loop.png', 'Lorem ipsum dolor sit amet, per ut erant dicit iracundia, simul equidem has ne. Justo decore aperiam et sea, in velit cetero labores est. Brute mucius intellegam ne nam, timeam sapientem vix et. Et nullam habemus expetendis nam, commodo appetere interpretaris per an, ea quot labores vis. At sit assum blandit singulis.<br/><br/>Cu prima virtute vel, accusam signiferumque ne nam, cu ius utinam verear pertinax. Vim admodum partiendo id, ex sit euismod utroque, ex veniam homero est. Pro eu blandit recusabo eloquentiam, id audire reprehendunt has. Eu illum eleifend torquatos mea, at audiam albucius sea. Congue decore similique in est.<br/><br/>Regione laoreet ad est. Ne aliquam accumsan eos, partem graecis erroribus id quo. Mei ut quodsi inermis. Id errem mnesarchum vix. Pro quodsi tincidunt in, probatus deserunt interesset nec ei.<br/><br/>Vero atqui ad vix, ex vel libris nemore numquam. Eu has diceret dolorum, in pri sale mucius, meis senserit honestatis vim ne. Ei eum vero adhuc nominati. No lorem recteque principes vim, nec ne soleat eripuit interesset, cum deleniti cotidieque an. Facer sanctus impedit nec ut.<br/><br/>Ne vis ipsum virtute lobortis. Ut timeam veritus quo. Eum in phaedrum signiferumque. Ea quo postea erroribus, duo odio velit sensibus at, vis in duis facer discere. Vim falli intellegebat delicatissimi ad, at vel vidit liber similique.');
INSERT INTO books VALUES(10, 1, 'Sally Greenfield', 'Jane Error', 4.0, 19.99, 350, '1234567890', '123-1234567890', 'Pluralsight Books', 'jane-error.png', 'Lorem ipsum dolor sit amet, per ut erant dicit iracundia, simul equidem has ne. Justo decore aperiam et sea, in velit cetero labores est. Brute mucius intellegam ne nam, timeam sapientem vix et. Et nullam habemus expetendis nam, commodo appetere interpretaris per an, ea quot labores vis. At sit assum blandit singulis.<br/><br/>Cu prima virtute vel, accusam signiferumque ne nam, cu ius utinam verear pertinax. Vim admodum partiendo id, ex sit euismod utroque, ex veniam homero est. Pro eu blandit recusabo eloquentiam, id audire reprehendunt has. Eu illum eleifend torquatos mea, at audiam albucius sea. Congue decore similique in est.<br/><br/>Regione laoreet ad est. Ne aliquam accumsan eos, partem graecis erroribus id quo. Mei ut quodsi inermis. Id errem mnesarchum vix. Pro quodsi tincidunt in, probatus deserunt interesset nec ei.<br/><br/>Vero atqui ad vix, ex vel libris nemore numquam. Eu has diceret dolorum, in pri sale mucius, meis senserit honestatis vim ne. Ei eum vero adhuc nominati. No lorem recteque principes vim, nec ne soleat eripuit interesset, cum deleniti cotidieque an. Facer sanctus impedit nec ut.<br/><br/>Ne vis ipsum virtute lobortis. Ut timeam veritus quo. Eum in phaedrum signiferumque. Ea quo postea erroribus, duo odio velit sensibus at, vis in duis facer discere. Vim falli intellegebat delicatissimi ad, at vel vidit liber similique.');
INSERT INTO books VALUES(11, 4, 'Angela Newton', 'Charlie and the Object Factory', 5.0, 19.99, 350, '1234567890', '123-1234567890', 'Pluralsight Books', 'kids-charlie-and-the-object-factory.png', 'Lorem ipsum dolor sit amet, per ut erant dicit iracundia, simul equidem has ne. Justo decore aperiam et sea, in velit cetero labores est. Brute mucius intellegam ne nam, timeam sapientem vix et. Et nullam habemus expetendis nam, commodo appetere interpretaris per an, ea quot labores vis. At sit assum blandit singulis.<br/><br/>Cu prima virtute vel, accusam signiferumque ne nam, cu ius utinam verear pertinax. Vim admodum partiendo id, ex sit euismod utroque, ex veniam homero est. Pro eu blandit recusabo eloquentiam, id audire reprehendunt has. Eu illum eleifend torquatos mea, at audiam albucius sea. Congue decore similique in est.<br/><br/>Regione laoreet ad est. Ne aliquam accumsan eos, partem graecis erroribus id quo. Mei ut quodsi inermis. Id errem mnesarchum vix. Pro quodsi tincidunt in, probatus deserunt interesset nec ei.<br/><br/>Vero atqui ad vix, ex vel libris nemore numquam. Eu has diceret dolorum, in pri sale mucius, meis senserit honestatis vim ne. Ei eum vero adhuc nominati. No lorem recteque principes vim, nec ne soleat eripuit interesset, cum deleniti cotidieque an. Facer sanctus impedit nec ut.<br/><br/>Ne vis ipsum virtute lobortis. Ut timeam veritus quo. Eum in phaedrum signiferumque. Ea quo postea erroribus, duo odio velit sensibus at, vis in duis facer discere. Vim falli intellegebat delicatissimi ad, at vel vidit liber similique.');
INSERT INTO books VALUES(12, 4, 'Jerry Mayer', 'Charlottes Website', 0.0, 19.99, 350, '1234567890', '123-1234567890', 'Pluralsight Books', 'kids-charlottes-website.png', 'Lorem ipsum dolor sit amet, per ut erant dicit iracundia, simul equidem has ne. Justo decore aperiam et sea, in velit cetero labores est. Brute mucius intellegam ne nam, timeam sapientem vix et. Et nullam habemus expetendis nam, commodo appetere interpretaris per an, ea quot labores vis. At sit assum blandit singulis.<br/><br/>Cu prima virtute vel, accusam signiferumque ne nam, cu ius utinam verear pertinax. Vim admodum partiendo id, ex sit euismod utroque, ex veniam homero est. Pro eu blandit recusabo eloquentiam, id audire reprehendunt has. Eu illum eleifend torquatos mea, at audiam albucius sea. Congue decore similique in est.<br/><br/>Regione laoreet ad est. Ne aliquam accumsan eos, partem graecis erroribus id quo. Mei ut quodsi inermis. Id errem mnesarchum vix. Pro quodsi tincidunt in, probatus deserunt interesset nec ei.<br/><br/>Vero atqui ad vix, ex vel libris nemore numquam. Eu has diceret dolorum, in pri sale mucius, meis senserit honestatis vim ne. Ei eum vero adhuc nominati. No lorem recteque principes vim, nec ne soleat eripuit interesset, cum deleniti cotidieque an. Facer sanctus impedit nec ut.<br/><br/>Ne vis ipsum virtute lobortis. Ut timeam veritus quo. Eum in phaedrum signiferumque. Ea quo postea erroribus, duo odio velit sensibus at, vis in duis facer discere. Vim falli intellegebat delicatissimi ad, at vel vidit liber similique.');
INSERT INTO books VALUES(13, 4, 'Kathy Burns', 'Green Eggs and Haml', 0.0, 19.99, 350, '1234567890', '123-1234567890', 'Pluralsight Books', 'kids-green-eggs-and-haml.png', 'Lorem ipsum dolor sit amet, per ut erant dicit iracundia, simul equidem has ne. Justo decore aperiam et sea, in velit cetero labores est. Brute mucius intellegam ne nam, timeam sapientem vix et. Et nullam habemus expetendis nam, commodo appetere interpretaris per an, ea quot labores vis. At sit assum blandit singulis.<br/><br/>Cu prima virtute vel, accusam signiferumque ne nam, cu ius utinam verear pertinax. Vim admodum partiendo id, ex sit euismod utroque, ex veniam homero est. Pro eu blandit recusabo eloquentiam, id audire reprehendunt has. Eu illum eleifend torquatos mea, at audiam albucius sea. Congue decore similique in est.<br/><br/>Regione laoreet ad est. Ne aliquam accumsan eos, partem graecis erroribus id quo. Mei ut quodsi inermis. Id errem mnesarchum vix. Pro quodsi tincidunt in, probatus deserunt interesset nec ei.<br/><br/>Vero atqui ad vix, ex vel libris nemore numquam. Eu has diceret dolorum, in pri sale mucius, meis senserit honestatis vim ne. Ei eum vero adhuc nominati. No lorem recteque principes vim, nec ne soleat eripuit interesset, cum deleniti cotidieque an. Facer sanctus impedit nec ut.<br/><br/>Ne vis ipsum virtute lobortis. Ut timeam veritus quo. Eum in phaedrum signiferumque. Ea quo postea erroribus, duo odio velit sensibus at, vis in duis facer discere. Vim falli intellegebat delicatissimi ad, at vel vidit liber similique.');
INSERT INTO books VALUES(14, 4, 'Michael Elm', 'James and the Giant Breach', 4.5, 19.99, 350, '1234567890', '123-1234567890', 'Pluralsight Books', 'kids-james-and-the-giant-breach.png', 'Lorem ipsum dolor sit amet, per ut erant dicit iracundia, simul equidem has ne. Justo decore aperiam et sea, in velit cetero labores est. Brute mucius intellegam ne nam, timeam sapientem vix et. Et nullam habemus expetendis nam, commodo appetere interpretaris per an, ea quot labores vis. At sit assum blandit singulis.<br/><br/>Cu prima virtute vel, accusam signiferumque ne nam, cu ius utinam verear pertinax. Vim admodum partiendo id, ex sit euismod utroque, ex veniam homero est. Pro eu blandit recusabo eloquentiam, id audire reprehendunt has. Eu illum eleifend torquatos mea, at audiam albucius sea. Congue decore similique in est.<br/><br/>Regione laoreet ad est. Ne aliquam accumsan eos, partem graecis erroribus id quo. Mei ut quodsi inermis. Id errem mnesarchum vix. Pro quodsi tincidunt in, probatus deserunt interesset nec ei.<br/><br/>Vero atqui ad vix, ex vel libris nemore numquam. Eu has diceret dolorum, in pri sale mucius, meis senserit honestatis vim ne. Ei eum vero adhuc nominati. No lorem recteque principes vim, nec ne soleat eripuit interesset, cum deleniti cotidieque an. Facer sanctus impedit nec ut.<br/><br/>Ne vis ipsum virtute lobortis. Ut timeam veritus quo. Eum in phaedrum signiferumque. Ea quo postea erroribus, duo odio velit sensibus at, vis in duis facer discere. Vim falli intellegebat delicatissimi ad, at vel vidit liber similique.');
INSERT INTO books VALUES(15, 4, 'Doris Homm', 'One Fish Two Fish', 5.0, 19.99, 350, '1234567890', '123-1234567890', 'Pluralsight Books', 'kids-one-fish-two-fish.png', 'Lorem ipsum dolor sit amet, per ut erant dicit iracundia, simul equidem has ne. Justo decore aperiam et sea, in velit cetero labores est. Brute mucius intellegam ne nam, timeam sapientem vix et. Et nullam habemus expetendis nam, commodo appetere interpretaris per an, ea quot labores vis. At sit assum blandit singulis.<br/><br/>Cu prima virtute vel, accusam signiferumque ne nam, cu ius utinam verear pertinax. Vim admodum partiendo id, ex sit euismod utroque, ex veniam homero est. Pro eu blandit recusabo eloquentiam, id audire reprehendunt has. Eu illum eleifend torquatos mea, at audiam albucius sea. Congue decore similique in est.<br/><br/>Regione laoreet ad est. Ne aliquam accumsan eos, partem graecis erroribus id quo. Mei ut quodsi inermis. Id errem mnesarchum vix. Pro quodsi tincidunt in, probatus deserunt interesset nec ei.<br/><br/>Vero atqui ad vix, ex vel libris nemore numquam. Eu has diceret dolorum, in pri sale mucius, meis senserit honestatis vim ne. Ei eum vero adhuc nominati. No lorem recteque principes vim, nec ne soleat eripuit interesset, cum deleniti cotidieque an. Facer sanctus impedit nec ut.<br/><br/>Ne vis ipsum virtute lobortis. Ut timeam veritus quo. Eum in phaedrum signiferumque. Ea quo postea erroribus, duo odio velit sensibus at, vis in duis facer discere. Vim falli intellegebat delicatissimi ad, at vel vidit liber similique.');
INSERT INTO books VALUES(16, 4, 'Gregory Jameson', 'Wrinkle in Datetime', 5.0, 19.99, 350, '1234567890', '123-1234567890', 'Pluralsight Books', 'kids-wrinkle-in-datetime.png', 'Lorem ipsum dolor sit amet, per ut erant dicit iracundia, simul equidem has ne. Justo decore aperiam et sea, in velit cetero labores est. Brute mucius intellegam ne nam, timeam sapientem vix et. Et nullam habemus expetendis nam, commodo appetere interpretaris per an, ea quot labores vis. At sit assum blandit singulis.<br/><br/>Cu prima virtute vel, accusam signiferumque ne nam, cu ius utinam verear pertinax. Vim admodum partiendo id, ex sit euismod utroque, ex veniam homero est. Pro eu blandit recusabo eloquentiam, id audire reprehendunt has. Eu illum eleifend torquatos mea, at audiam albucius sea. Congue decore similique in est.<br/><br/>Regione laoreet ad est. Ne aliquam accumsan eos, partem graecis erroribus id quo. Mei ut quodsi inermis. Id errem mnesarchum vix. Pro quodsi tincidunt in, probatus deserunt interesset nec ei.<br/><br/>Vero atqui ad vix, ex vel libris nemore numquam. Eu has diceret dolorum, in pri sale mucius, meis senserit honestatis vim ne. Ei eum vero adhuc nominati. No lorem recteque principes vim, nec ne soleat eripuit interesset, cum deleniti cotidieque an. Facer sanctus impedit nec ut.<br/><br/>Ne vis ipsum virtute lobortis. Ut timeam veritus quo. Eum in phaedrum signiferumque. Ea quo postea erroribus, duo odio velit sensibus at, vis in duis facer discere. Vim falli intellegebat delicatissimi ad, at vel vidit liber similique.');
INSERT INTO books VALUES(17, 1, 'Phillip Scheid', 'Lord of the Files', 4.0, 19.99, 350, '1234567890', '123-1234567890', 'Pluralsight Books', 'lord-of-the-files.png', 'Lorem ipsum dolor sit amet, per ut erant dicit iracundia, simul equidem has ne. Justo decore aperiam et sea, in velit cetero labores est. Brute mucius intellegam ne nam, timeam sapientem vix et. Et nullam habemus expetendis nam, commodo appetere interpretaris per an, ea quot labores vis. At sit assum blandit singulis.<br/><br/>Cu prima virtute vel, accusam signiferumque ne nam, cu ius utinam verear pertinax. Vim admodum partiendo id, ex sit euismod utroque, ex veniam homero est. Pro eu blandit recusabo eloquentiam, id audire reprehendunt has. Eu illum eleifend torquatos mea, at audiam albucius sea. Congue decore similique in est.<br/><br/>Regione laoreet ad est. Ne aliquam accumsan eos, partem graecis erroribus id quo. Mei ut quodsi inermis. Id errem mnesarchum vix. Pro quodsi tincidunt in, probatus deserunt interesset nec ei.<br/><br/>Vero atqui ad vix, ex vel libris nemore numquam. Eu has diceret dolorum, in pri sale mucius, meis senserit honestatis vim ne. Ei eum vero adhuc nominati. No lorem recteque principes vim, nec ne soleat eripuit interesset, cum deleniti cotidieque an. Facer sanctus impedit nec ut.<br/><br/>Ne vis ipsum virtute lobortis. Ut timeam veritus quo. Eum in phaedrum signiferumque. Ea quo postea erroribus, duo odio velit sensibus at, vis in duis facer discere. Vim falli intellegebat delicatissimi ad, at vel vidit liber similique.');
INSERT INTO books VALUES(18, 1, 'David Navarro', 'Me Code Pretty One Day', 4.0, 19.99, 350, '1234567890', '123-1234567890', 'Pluralsight Books', 'me-code-pretty-one-day.png', 'Lorem ipsum dolor sit amet, per ut erant dicit iracundia, simul equidem has ne. Justo decore aperiam et sea, in velit cetero labores est. Brute mucius intellegam ne nam, timeam sapientem vix et. Et nullam habemus expetendis nam, commodo appetere interpretaris per an, ea quot labores vis. At sit assum blandit singulis.<br/><br/>Cu prima virtute vel, accusam signiferumque ne nam, cu ius utinam verear pertinax. Vim admodum partiendo id, ex sit euismod utroque, ex veniam homero est. Pro eu blandit recusabo eloquentiam, id audire reprehendunt has. Eu illum eleifend torquatos mea, at audiam albucius sea. Congue decore similique in est.<br/><br/>Regione laoreet ad est. Ne aliquam accumsan eos, partem graecis erroribus id quo. Mei ut quodsi inermis. Id errem mnesarchum vix. Pro quodsi tincidunt in, probatus deserunt interesset nec ei.<br/><br/>Vero atqui ad vix, ex vel libris nemore numquam. Eu has diceret dolorum, in pri sale mucius, meis senserit honestatis vim ne. Ei eum vero adhuc nominati. No lorem recteque principes vim, nec ne soleat eripuit interesset, cum deleniti cotidieque an. Facer sanctus impedit nec ut.<br/><br/>Ne vis ipsum virtute lobortis. Ut timeam veritus quo. Eum in phaedrum signiferumque. Ea quo postea erroribus, duo odio velit sensibus at, vis in duis facer discere. Vim falli intellegebat delicatissimi ad, at vel vidit liber similique.');
INSERT INTO books VALUES(19, 3, 'Dave Keaton', 'Pride and Polymorphism', 5.0, 19.99, 350, '1234567890', '123-1234567890', 'Pluralsight Books', 'pride-and-polymorphism.png', 'Lorem ipsum dolor sit amet, per ut erant dicit iracundia, simul equidem has ne. Justo decore aperiam et sea, in velit cetero labores est. Brute mucius intellegam ne nam, timeam sapientem vix et. Et nullam habemus expetendis nam, commodo appetere interpretaris per an, ea quot labores vis. At sit assum blandit singulis.<br/><br/>Cu prima virtute vel, accusam signiferumque ne nam, cu ius utinam verear pertinax. Vim admodum partiendo id, ex sit euismod utroque, ex veniam homero est. Pro eu blandit recusabo eloquentiam, id audire reprehendunt has. Eu illum eleifend torquatos mea, at audiam albucius sea. Congue decore similique in est.<br/><br/>Regione laoreet ad est. Ne aliquam accumsan eos, partem graecis erroribus id quo. Mei ut quodsi inermis. Id errem mnesarchum vix. Pro quodsi tincidunt in, probatus deserunt interesset nec ei.<br/><br/>Vero atqui ad vix, ex vel libris nemore numquam. Eu has diceret dolorum, in pri sale mucius, meis senserit honestatis vim ne. Ei eum vero adhuc nominati. No lorem recteque principes vim, nec ne soleat eripuit interesset, cum deleniti cotidieque an. Facer sanctus impedit nec ut.<br/><br/>Ne vis ipsum virtute lobortis. Ut timeam veritus quo. Eum in phaedrum signiferumque. Ea quo postea erroribus, duo odio velit sensibus at, vis in duis facer discere. Vim falli intellegebat delicatissimi ad, at vel vidit liber similique.');
INSERT INTO books VALUES(20, 1, 'Linda Stevens', 'Site Runner', 4.5, 19.99, 350, '1234567890', '123-1234567890', 'Pluralsight Books', 'site-runner.png', 'Lorem ipsum dolor sit amet, per ut erant dicit iracundia, simul equidem has ne. Justo decore aperiam et sea, in velit cetero labores est. Brute mucius intellegam ne nam, timeam sapientem vix et. Et nullam habemus expetendis nam, commodo appetere interpretaris per an, ea quot labores vis. At sit assum blandit singulis.<br/><br/>Cu prima virtute vel, accusam signiferumque ne nam, cu ius utinam verear pertinax. Vim admodum partiendo id, ex sit euismod utroque, ex veniam homero est. Pro eu blandit recusabo eloquentiam, id audire reprehendunt has. Eu illum eleifend torquatos mea, at audiam albucius sea. Congue decore similique in est.<br/><br/>Regione laoreet ad est. Ne aliquam accumsan eos, partem graecis erroribus id quo. Mei ut quodsi inermis. Id errem mnesarchum vix. Pro quodsi tincidunt in, probatus deserunt interesset nec ei.<br/><br/>Vero atqui ad vix, ex vel libris nemore numquam. Eu has diceret dolorum, in pri sale mucius, meis senserit honestatis vim ne. Ei eum vero adhuc nominati. No lorem recteque principes vim, nec ne soleat eripuit interesset, cum deleniti cotidieque an. Facer sanctus impedit nec ut.<br/><br/>Ne vis ipsum virtute lobortis. Ut timeam veritus quo. Eum in phaedrum signiferumque. Ea quo postea erroribus, duo odio velit sensibus at, vis in duis facer discere. Vim falli intellegebat delicatissimi ad, at vel vidit liber similique.');
INSERT INTO books VALUES(21, 3, 'Judith Leonard', 'Source Code 5', 5.0, 19.99, 350, '1234567890', '123-1234567890', 'Pluralsight Books', 'source-code-5.png', 'Lorem ipsum dolor sit amet, per ut erant dicit iracundia, simul equidem has ne. Justo decore aperiam et sea, in velit cetero labores est. Brute mucius intellegam ne nam, timeam sapientem vix et. Et nullam habemus expetendis nam, commodo appetere interpretaris per an, ea quot labores vis. At sit assum blandit singulis.<br/><br/>Cu prima virtute vel, accusam signiferumque ne nam, cu ius utinam verear pertinax. Vim admodum partiendo id, ex sit euismod utroque, ex veniam homero est. Pro eu blandit recusabo eloquentiam, id audire reprehendunt has. Eu illum eleifend torquatos mea, at audiam albucius sea. Congue decore similique in est.<br/><br/>Regione laoreet ad est. Ne aliquam accumsan eos, partem graecis erroribus id quo. Mei ut quodsi inermis. Id errem mnesarchum vix. Pro quodsi tincidunt in, probatus deserunt interesset nec ei.<br/><br/>Vero atqui ad vix, ex vel libris nemore numquam. Eu has diceret dolorum, in pri sale mucius, meis senserit honestatis vim ne. Ei eum vero adhuc nominati. No lorem recteque principes vim, nec ne soleat eripuit interesset, cum deleniti cotidieque an. Facer sanctus impedit nec ut.<br/><br/>Ne vis ipsum virtute lobortis. Ut timeam veritus quo. Eum in phaedrum signiferumque. Ea quo postea erroribus, duo odio velit sensibus at, vis in duis facer discere. Vim falli intellegebat delicatissimi ad, at vel vidit liber similique.');
INSERT INTO books VALUES(22, 3, 'Jennifer Barron', 'Switch', 5.0, 19.99, 350, '1234567890', '123-1234567890', 'Pluralsight Books', 'switch-expr-jekyl-hyde.png', 'Lorem ipsum dolor sit amet, per ut erant dicit iracundia, simul equidem has ne. Justo decore aperiam et sea, in velit cetero labores est. Brute mucius intellegam ne nam, timeam sapientem vix et. Et nullam habemus expetendis nam, commodo appetere interpretaris per an, ea quot labores vis. At sit assum blandit singulis.<br/><br/>Cu prima virtute vel, accusam signiferumque ne nam, cu ius utinam verear pertinax. Vim admodum partiendo id, ex sit euismod utroque, ex veniam homero est. Pro eu blandit recusabo eloquentiam, id audire reprehendunt has. Eu illum eleifend torquatos mea, at audiam albucius sea. Congue decore similique in est.<br/><br/>Regione laoreet ad est. Ne aliquam accumsan eos, partem graecis erroribus id quo. Mei ut quodsi inermis. Id errem mnesarchum vix. Pro quodsi tincidunt in, probatus deserunt interesset nec ei.<br/><br/>Vero atqui ad vix, ex vel libris nemore numquam. Eu has diceret dolorum, in pri sale mucius, meis senserit honestatis vim ne. Ei eum vero adhuc nominati. No lorem recteque principes vim, nec ne soleat eripuit interesset, cum deleniti cotidieque an. Facer sanctus impedit nec ut.<br/><br/>Ne vis ipsum virtute lobortis. Ut timeam veritus quo. Eum in phaedrum signiferumque. Ea quo postea erroribus, duo odio velit sensibus at, vis in duis facer discere. Vim falli intellegebat delicatissimi ad, at vel vidit liber similique.');
INSERT INTO books VALUES(23, 2, 'William Reinhardt', 'Tale of Two Servers', 0.0, 19.99, 350, '1234567890', '123-1234567890', 'Pluralsight Books', 'tale-of-two-servers.png', 'Lorem ipsum dolor sit amet, per ut erant dicit iracundia, simul equidem has ne. Justo decore aperiam et sea, in velit cetero labores est. Brute mucius intellegam ne nam, timeam sapientem vix et. Et nullam habemus expetendis nam, commodo appetere interpretaris per an, ea quot labores vis. At sit assum blandit singulis.<br/><br/>Cu prima virtute vel, accusam signiferumque ne nam, cu ius utinam verear pertinax. Vim admodum partiendo id, ex sit euismod utroque, ex veniam homero est. Pro eu blandit recusabo eloquentiam, id audire reprehendunt has. Eu illum eleifend torquatos mea, at audiam albucius sea. Congue decore similique in est.<br/><br/>Regione laoreet ad est. Ne aliquam accumsan eos, partem graecis erroribus id quo. Mei ut quodsi inermis. Id errem mnesarchum vix. Pro quodsi tincidunt in, probatus deserunt interesset nec ei.<br/><br/>Vero atqui ad vix, ex vel libris nemore numquam. Eu has diceret dolorum, in pri sale mucius, meis senserit honestatis vim ne. Ei eum vero adhuc nominati. No lorem recteque principes vim, nec ne soleat eripuit interesset, cum deleniti cotidieque an. Facer sanctus impedit nec ut.<br/><br/>Ne vis ipsum virtute lobortis. Ut timeam veritus quo. Eum in phaedrum signiferumque. Ea quo postea erroribus, duo odio velit sensibus at, vis in duis facer discere. Vim falli intellegebat delicatissimi ad, at vel vidit liber similique.');
INSERT INTO books VALUES(24, 2, 'Susan Kocher', 'The Bug Jar', 0.0, 19.99, 350, '1234567890', '123-1234567890', 'Pluralsight Books', 'the-bug-jar.png', 'Lorem ipsum dolor sit amet, per ut erant dicit iracundia, simul equidem has ne. Justo decore aperiam et sea, in velit cetero labores est. Brute mucius intellegam ne nam, timeam sapientem vix et. Et nullam habemus expetendis nam, commodo appetere interpretaris per an, ea quot labores vis. At sit assum blandit singulis.<br/><br/>Cu prima virtute vel, accusam signiferumque ne nam, cu ius utinam verear pertinax. Vim admodum partiendo id, ex sit euismod utroque, ex veniam homero est. Pro eu blandit recusabo eloquentiam, id audire reprehendunt has. Eu illum eleifend torquatos mea, at audiam albucius sea. Congue decore similique in est.<br/><br/>Regione laoreet ad est. Ne aliquam accumsan eos, partem graecis erroribus id quo. Mei ut quodsi inermis. Id errem mnesarchum vix. Pro quodsi tincidunt in, probatus deserunt interesset nec ei.<br/><br/>Vero atqui ad vix, ex vel libris nemore numquam. Eu has diceret dolorum, in pri sale mucius, meis senserit honestatis vim ne. Ei eum vero adhuc nominati. No lorem recteque principes vim, nec ne soleat eripuit interesset, cum deleniti cotidieque an. Facer sanctus impedit nec ut.<br/><br/>Ne vis ipsum virtute lobortis. Ut timeam veritus quo. Eum in phaedrum signiferumque. Ea quo postea erroribus, duo odio velit sensibus at, vis in duis facer discere. Vim falli intellegebat delicatissimi ad, at vel vidit liber similique.');
INSERT INTO books VALUES(25, 3, 'Amanda Walton', 'The Hex Files', 5.0, 19.99, 350, '1234567890', '123-1234567890', 'Pluralsight Books', 'the-hex-files.png', 'Lorem ipsum dolor sit amet, per ut erant dicit iracundia, simul equidem has ne. Justo decore aperiam et sea, in velit cetero labores est. Brute mucius intellegam ne nam, timeam sapientem vix et. Et nullam habemus expetendis nam, commodo appetere interpretaris per an, ea quot labores vis. At sit assum blandit singulis.<br/><br/>Cu prima virtute vel, accusam signiferumque ne nam, cu ius utinam verear pertinax. Vim admodum partiendo id, ex sit euismod utroque, ex veniam homero est. Pro eu blandit recusabo eloquentiam, id audire reprehendunt has. Eu illum eleifend torquatos mea, at audiam albucius sea. Congue decore similique in est.<br/><br/>Regione laoreet ad est. Ne aliquam accumsan eos, partem graecis erroribus id quo. Mei ut quodsi inermis. Id errem mnesarchum vix. Pro quodsi tincidunt in, probatus deserunt interesset nec ei.<br/><br/>Vero atqui ad vix, ex vel libris nemore numquam. Eu has diceret dolorum, in pri sale mucius, meis senserit honestatis vim ne. Ei eum vero adhuc nominati. No lorem recteque principes vim, nec ne soleat eripuit interesset, cum deleniti cotidieque an. Facer sanctus impedit nec ut.<br/><br/>Ne vis ipsum virtute lobortis. Ut timeam veritus quo. Eum in phaedrum signiferumque. Ea quo postea erroribus, duo odio velit sensibus at, vis in duis facer discere. Vim falli intellegebat delicatissimi ad, at vel vidit liber similique.');
INSERT INTO books VALUES(26, 1, 'Kevin Doe', 'War and Peace', 4.0, 19.99, 350, '1234567890', '123-1234567890', 'Pluralsight Books', 'war-andand-peace.png', 'Lorem ipsum dolor sit amet, per ut erant dicit iracundia, simul equidem has ne. Justo decore aperiam et sea, in velit cetero labores est. Brute mucius intellegam ne nam, timeam sapientem vix et. Et nullam habemus expetendis nam, commodo appetere interpretaris per an, ea quot labores vis. At sit assum blandit singulis.<br/><br/>Cu prima virtute vel, accusam signiferumque ne nam, cu ius utinam verear pertinax. Vim admodum partiendo id, ex sit euismod utroque, ex veniam homero est. Pro eu blandit recusabo eloquentiam, id audire reprehendunt has. Eu illum eleifend torquatos mea, at audiam albucius sea. Congue decore similique in est.<br/><br/>Regione laoreet ad est. Ne aliquam accumsan eos, partem graecis erroribus id quo. Mei ut quodsi inermis. Id errem mnesarchum vix. Pro quodsi tincidunt in, probatus deserunt interesset nec ei.<br/><br/>Vero atqui ad vix, ex vel libris nemore numquam. Eu has diceret dolorum, in pri sale mucius, meis senserit honestatis vim ne. Ei eum vero adhuc nominati. No lorem recteque principes vim, nec ne soleat eripuit interesset, cum deleniti cotidieque an. Facer sanctus impedit nec ut.<br/><br/>Ne vis ipsum virtute lobortis. Ut timeam veritus quo. Eum in phaedrum signiferumque. Ea quo postea erroribus, duo odio velit sensibus at, vis in duis facer discere. Vim falli intellegebat delicatissimi ad, at vel vidit liber similique.');

INSERT INTO reviews(book_id,user_id,rating,registered,title,review) VALUES(1, 51, 4.5, '2019-01-25 09:55:00', 'Lorem ipsum dolor sit amet', 'Lorem ipsum dolor sit amet, duo appareat adipiscing ei, cu qui magna accusam. An sed scaevola phaedrum. Cu ubique fastidii euripidis nec, ipsum sonet malorum at vim, commune periculis ea mei. Pri ut aperiri scaevola definitiones, nam ad molestie expetendis, libris tractatos ei mea. Per elitr quaestio concludaturque ex, causae quaeque luptatum eos ei.');
INSERT INTO reviews(book_id,user_id,rating,registered,title,review) VALUES(1, 52, 4.5, '2019-01-25 09:55:00', 'Lorem ipsum dolor sit amet', 'Lorem ipsum dolor sit amet, duo appareat adipiscing ei, cu qui magna accusam. An sed scaevola phaedrum. Cu ubique fastidii euripidis nec, ipsum sonet malorum at vim, commune periculis ea mei. Pri ut aperiri scaevola definitiones, nam ad molestie expetendis, libris tractatos ei mea. Per elitr quaestio concludaturque ex, causae quaeque luptatum eos ei.');
INSERT INTO reviews(book_id,user_id,rating,registered,title,review) VALUES(1, 53, 4.5, '2019-01-25 09:55:00', 'Lorem ipsum dolor sit amet', 'Lorem ipsum dolor sit amet, duo appareat adipiscing ei, cu qui magna accusam. An sed scaevola phaedrum. Cu ubique fastidii euripidis nec, ipsum sonet malorum at vim, commune periculis ea mei. Pri ut aperiri scaevola definitiones, nam ad molestie expetendis, libris tractatos ei mea. Per elitr quaestio concludaturque ex, causae quaeque luptatum eos ei.');
INSERT INTO reviews(book_id,user_id,rating,registered,title,review) VALUES(1, 54, 4.5, '2019-01-25 09:55:00', 'Lorem ipsum dolor sit amet', 'Lorem ipsum dolor sit amet, duo appareat adipiscing ei, cu qui magna accusam. An sed scaevola phaedrum. Cu ubique fastidii euripidis nec, ipsum sonet malorum at vim, commune periculis ea mei. Pri ut aperiri scaevola definitiones, nam ad molestie expetendis, libris tractatos ei mea. Per elitr quaestio concludaturque ex, causae quaeque luptatum eos ei.');
INSERT INTO reviews(book_id,user_id,rating,registered,title,review) VALUES(1, 55, 4.5, '2019-01-25 09:55:00', 'Lorem ipsum dolor sit amet', 'Lorem ipsum dolor sit amet, duo appareat adipiscing ei, cu qui magna accusam. An sed scaevola phaedrum. Cu ubique fastidii euripidis nec, ipsum sonet malorum at vim, commune periculis ea mei. Pri ut aperiri scaevola definitiones, nam ad molestie expetendis, libris tractatos ei mea. Per elitr quaestio concludaturque ex, causae quaeque luptatum eos ei.');
INSERT INTO reviews(book_id,user_id,rating,registered,title,review) VALUES(1, 56, 4.5, '2019-01-25 09:55:00', 'Lorem ipsum dolor sit amet', 'Lorem ipsum dolor sit amet, duo appareat adipiscing ei, cu qui magna accusam. An sed scaevola phaedrum. Cu ubique fastidii euripidis nec, ipsum sonet malorum at vim, commune periculis ea mei. Pri ut aperiri scaevola definitiones, nam ad molestie expetendis, libris tractatos ei mea. Per elitr quaestio concludaturque ex, causae quaeque luptatum eos ei.');
INSERT INTO reviews(book_id,user_id,rating,registered,title,review) VALUES(1, 57, 4.5, '2019-01-25 09:55:00', 'Lorem ipsum dolor sit amet', 'Lorem ipsum dolor sit amet, duo appareat adipiscing ei, cu qui magna accusam. An sed scaevola phaedrum. Cu ubique fastidii euripidis nec, ipsum sonet malorum at vim, commune periculis ea mei. Pri ut aperiri scaevola definitiones, nam ad molestie expetendis, libris tractatos ei mea. Per elitr quaestio concludaturque ex, causae quaeque luptatum eos ei.');
INSERT INTO reviews(book_id,user_id,rating,registered,title,review) VALUES(1, 58, 4.5, '2019-01-25 09:55:00', 'Lorem ipsum dolor sit amet', 'Lorem ipsum dolor sit amet, duo appareat adipiscing ei, cu qui magna accusam. An sed scaevola phaedrum. Cu ubique fastidii euripidis nec, ipsum sonet malorum at vim, commune periculis ea mei. Pri ut aperiri scaevola definitiones, nam ad molestie expetendis, libris tractatos ei mea. Per elitr quaestio concludaturque ex, causae quaeque luptatum eos ei.');
INSERT INTO reviews(book_id,user_id,rating,registered,title,review) VALUES(1, 59, 4.5, '2019-01-25 09:55:00', 'Lorem ipsum dolor sit amet', 'Lorem ipsum dolor sit amet, duo appareat adipiscing ei, cu qui magna accusam. An sed scaevola phaedrum. Cu ubique fastidii euripidis nec, ipsum sonet malorum at vim, commune periculis ea mei. Pri ut aperiri scaevola definitiones, nam ad molestie expetendis, libris tractatos ei mea. Per elitr quaestio concludaturque ex, causae quaeque luptatum eos ei.');
INSERT INTO reviews(book_id,user_id,rating,registered,title,review) VALUES(1, 60, 4.5, '2019-01-25 09:55:00', 'Lorem ipsum dolor sit amet', 'Lorem ipsum dolor sit amet, duo appareat adipiscing ei, cu qui magna accusam. An sed scaevola phaedrum. Cu ubique fastidii euripidis nec, ipsum sonet malorum at vim, commune periculis ea mei. Pri ut aperiri scaevola definitiones, nam ad molestie expetendis, libris tractatos ei mea. Per elitr quaestio concludaturque ex, causae quaeque luptatum eos ei.');
INSERT INTO reviews(book_id,user_id,rating,registered,title,review) VALUES(1, 61, 4.5, '2019-01-25 09:55:00', 'Lorem ipsum dolor sit amet', 'Lorem ipsum dolor sit amet, duo appareat adipiscing ei, cu qui magna accusam. An sed scaevola phaedrum. Cu ubique fastidii euripidis nec, ipsum sonet malorum at vim, commune periculis ea mei. Pri ut aperiri scaevola definitiones, nam ad molestie expetendis, libris tractatos ei mea. Per elitr quaestio concludaturque ex, causae quaeque luptatum eos ei.');
INSERT INTO reviews(book_id,user_id,rating,registered,title,review) VALUES(2, 2, 4.0, '2019-01-25 09:55:00', 'Lorem ipsum dolor sit amet', 'Lorem ipsum dolor sit amet, duo appareat adipiscing ei, cu qui magna accusam. An sed scaevola phaedrum. Cu ubique fastidii euripidis nec, ipsum sonet malorum at vim, commune periculis ea mei. Pri ut aperiri scaevola definitiones, nam ad molestie expetendis, libris tractatos ei mea. Per elitr quaestio concludaturque ex, causae quaeque luptatum eos ei.');
INSERT INTO reviews(book_id,user_id,rating,registered,title,review) VALUES(4, 3, 5.0, '2019-01-25 09:55:00', 'Lorem ipsum dolor sit amet', 'Lorem ipsum dolor sit amet, duo appareat adipiscing ei, cu qui magna accusam. An sed scaevola phaedrum. Cu ubique fastidii euripidis nec, ipsum sonet malorum at vim, commune periculis ea mei. Pri ut aperiri scaevola definitiones, nam ad molestie expetendis, libris tractatos ei mea. Per elitr quaestio concludaturque ex, causae quaeque luptatum eos ei.');
INSERT INTO reviews(book_id,user_id,rating,registered,title,review) VALUES(5, 4, 4.5, '2019-01-25 09:55:00', 'Lorem ipsum dolor sit amet', 'Lorem ipsum dolor sit amet, duo appareat adipiscing ei, cu qui magna accusam. An sed scaevola phaedrum. Cu ubique fastidii euripidis nec, ipsum sonet malorum at vim, commune periculis ea mei. Pri ut aperiri scaevola definitiones, nam ad molestie expetendis, libris tractatos ei mea. Per elitr quaestio concludaturque ex, causae quaeque luptatum eos ei.');
INSERT INTO reviews(book_id,user_id,rating,registered,title,review) VALUES(6, 5, 5.0, '2019-01-25 09:55:00', 'Lorem ipsum dolor sit amet', 'Lorem ipsum dolor sit amet, duo appareat adipiscing ei, cu qui magna accusam. An sed scaevola phaedrum. Cu ubique fastidii euripidis nec, ipsum sonet malorum at vim, commune periculis ea mei. Pri ut aperiri scaevola definitiones, nam ad molestie expetendis, libris tractatos ei mea. Per elitr quaestio concludaturque ex, causae quaeque luptatum eos ei.');
INSERT INTO reviews(book_id,user_id,rating,registered,title,review) VALUES(8, 6, 4.5, '2019-01-25 09:55:00', 'Lorem ipsum dolor sit amet', 'Lorem ipsum dolor sit amet, duo appareat adipiscing ei, cu qui magna accusam. An sed scaevola phaedrum. Cu ubique fastidii euripidis nec, ipsum sonet malorum at vim, commune periculis ea mei. Pri ut aperiri scaevola definitiones, nam ad molestie expetendis, libris tractatos ei mea. Per elitr quaestio concludaturque ex, causae quaeque luptatum eos ei.');
INSERT INTO reviews(book_id,user_id,rating,registered,title,review) VALUES(9, 7, 4.0, '2019-01-25 09:55:00', 'Lorem ipsum dolor sit amet', 'Lorem ipsum dolor sit amet, duo appareat adipiscing ei, cu qui magna accusam. An sed scaevola phaedrum. Cu ubique fastidii euripidis nec, ipsum sonet malorum at vim, commune periculis ea mei. Pri ut aperiri scaevola definitiones, nam ad molestie expetendis, libris tractatos ei mea. Per elitr quaestio concludaturque ex, causae quaeque luptatum eos ei.');
INSERT INTO reviews(book_id,user_id,rating,registered,title,review) VALUES(10, 8, 4.0, '2019-01-25 09:55:00', 'Lorem ipsum dolor sit amet', 'Lorem ipsum dolor sit amet, duo appareat adipiscing ei, cu qui magna accusam. An sed scaevola phaedrum. Cu ubique fastidii euripidis nec, ipsum sonet malorum at vim, commune periculis ea mei. Pri ut aperiri scaevola definitiones, nam ad molestie expetendis, libris tractatos ei mea. Per elitr quaestio concludaturque ex, causae quaeque luptatum eos ei.');
INSERT INTO reviews(book_id,user_id,rating,registered,title,review) VALUES(11, 9, 5.0, '2019-01-25 09:55:00', 'Lorem ipsum dolor sit amet', 'Lorem ipsum dolor sit amet, duo appareat adipiscing ei, cu qui magna accusam. An sed scaevola phaedrum. Cu ubique fastidii euripidis nec, ipsum sonet malorum at vim, commune periculis ea mei. Pri ut aperiri scaevola definitiones, nam ad molestie expetendis, libris tractatos ei mea. Per elitr quaestio concludaturque ex, causae quaeque luptatum eos ei.');
INSERT INTO reviews(book_id,user_id,rating,registered,title,review) VALUES(14, 10, 4.5, '2019-01-25 09:55:00', 'Lorem ipsum dolor sit amet', 'Lorem ipsum dolor sit amet, duo appareat adipiscing ei, cu qui magna accusam. An sed scaevola phaedrum. Cu ubique fastidii euripidis nec, ipsum sonet malorum at vim, commune periculis ea mei. Pri ut aperiri scaevola definitiones, nam ad molestie expetendis, libris tractatos ei mea. Per elitr quaestio concludaturque ex, causae quaeque luptatum eos ei.');
INSERT INTO reviews(book_id,user_id,rating,registered,title,review) VALUES(15, 11, 5.0, '2019-01-25 09:55:00', 'Lorem ipsum dolor sit amet', 'Lorem ipsum dolor sit amet, duo appareat adipiscing ei, cu qui magna accusam. An sed scaevola phaedrum. Cu ubique fastidii euripidis nec, ipsum sonet malorum at vim, commune periculis ea mei. Pri ut aperiri scaevola definitiones, nam ad molestie expetendis, libris tractatos ei mea. Per elitr quaestio concludaturque ex, causae quaeque luptatum eos ei.');
INSERT INTO reviews(book_id,user_id,rating,registered,title,review) VALUES(16, 12, 5.0, '2019-01-25 09:55:00', 'Lorem ipsum dolor sit amet', 'Lorem ipsum dolor sit amet, duo appareat adipiscing ei, cu qui magna accusam. An sed scaevola phaedrum. Cu ubique fastidii euripidis nec, ipsum sonet malorum at vim, commune periculis ea mei. Pri ut aperiri scaevola definitiones, nam ad molestie expetendis, libris tractatos ei mea. Per elitr quaestio concludaturque ex, causae quaeque luptatum eos ei.');
INSERT INTO reviews(book_id,user_id,rating,registered,title,review) VALUES(17, 13, 4.0, '2019-01-25 09:55:00', 'Lorem ipsum dolor sit amet', 'Lorem ipsum dolor sit amet, duo appareat adipiscing ei, cu qui magna accusam. An sed scaevola phaedrum. Cu ubique fastidii euripidis nec, ipsum sonet malorum at vim, commune periculis ea mei. Pri ut aperiri scaevola definitiones, nam ad molestie expetendis, libris tractatos ei mea. Per elitr quaestio concludaturque ex, causae quaeque luptatum eos ei.');
INSERT INTO reviews(book_id,user_id,rating,registered,title,review) VALUES(18, 14, 4.0, '2019-01-25 09:55:00', 'Lorem ipsum dolor sit amet', 'Lorem ipsum dolor sit amet, duo appareat adipiscing ei, cu qui magna accusam. An sed scaevola phaedrum. Cu ubique fastidii euripidis nec, ipsum sonet malorum at vim, commune periculis ea mei. Pri ut aperiri scaevola definitiones, nam ad molestie expetendis, libris tractatos ei mea. Per elitr quaestio concludaturque ex, causae quaeque luptatum eos ei.');
INSERT INTO reviews(book_id,user_id,rating,registered,title,review) VALUES(19, 15, 5.5, '2019-01-25 09:55:00', 'Lorem ipsum dolor sit amet', 'Lorem ipsum dolor sit amet, duo appareat adipiscing ei, cu qui magna accusam. An sed scaevola phaedrum. Cu ubique fastidii euripidis nec, ipsum sonet malorum at vim, commune periculis ea mei. Pri ut aperiri scaevola definitiones, nam ad molestie expetendis, libris tractatos ei mea. Per elitr quaestio concludaturque ex, causae quaeque luptatum eos ei.');
INSERT INTO reviews(book_id,user_id,rating,registered,title,review) VALUES(20, 16, 4.5, '2019-01-25 09:55:00', 'Lorem ipsum dolor sit amet', 'Lorem ipsum dolor sit amet, duo appareat adipiscing ei, cu qui magna accusam. An sed scaevola phaedrum. Cu ubique fastidii euripidis nec, ipsum sonet malorum at vim, commune periculis ea mei. Pri ut aperiri scaevola definitiones, nam ad molestie expetendis, libris tractatos ei mea. Per elitr quaestio concludaturque ex, causae quaeque luptatum eos ei.');
INSERT INTO reviews(book_id,user_id,rating,registered,title,review) VALUES(21, 17, 5.0, '2019-01-25 09:55:00', 'Lorem ipsum dolor sit amet', 'Lorem ipsum dolor sit amet, duo appareat adipiscing ei, cu qui magna accusam. An sed scaevola phaedrum. Cu ubique fastidii euripidis nec, ipsum sonet malorum at vim, commune periculis ea mei. Pri ut aperiri scaevola definitiones, nam ad molestie expetendis, libris tractatos ei mea. Per elitr quaestio concludaturque ex, causae quaeque luptatum eos ei.');
INSERT INTO reviews(book_id,user_id,rating,registered,title,review) VALUES(22, 18, 5.0, '2019-01-25 09:55:00', 'Lorem ipsum dolor sit amet', 'Lorem ipsum dolor sit amet, duo appareat adipiscing ei, cu qui magna accusam. An sed scaevola phaedrum. Cu ubique fastidii euripidis nec, ipsum sonet malorum at vim, commune periculis ea mei. Pri ut aperiri scaevola definitiones, nam ad molestie expetendis, libris tractatos ei mea. Per elitr quaestio concludaturque ex, causae quaeque luptatum eos ei.');
INSERT INTO reviews(book_id,user_id,rating,registered,title,review) VALUES(25, 19, 5.0, '2019-01-25 09:55:00', 'Lorem ipsum dolor sit amet', 'Lorem ipsum dolor sit amet, duo appareat adipiscing ei, cu qui magna accusam. An sed scaevola phaedrum. Cu ubique fastidii euripidis nec, ipsum sonet malorum at vim, commune periculis ea mei. Pri ut aperiri scaevola definitiones, nam ad molestie expetendis, libris tractatos ei mea. Per elitr quaestio concludaturque ex, causae quaeque luptatum eos ei.');
INSERT INTO reviews(book_id,user_id,rating,registered,title,review) VALUES(26, 20, 4.0, '2019-01-25 09:55:00', 'Lorem ipsum dolor sit amet', 'Lorem ipsum dolor sit amet, duo appareat adipiscing ei, cu qui magna accusam. An sed scaevola phaedrum. Cu ubique fastidii euripidis nec, ipsum sonet malorum at vim, commune periculis ea mei. Pri ut aperiri scaevola definitiones, nam ad molestie expetendis, libris tractatos ei mea. Per elitr quaestio concludaturque ex, causae quaeque luptatum eos ei.');

INSERT INTO reviews(book_id,user_id,rating,registered,title,review) VALUES(26, 21, 2.0, '2019-02-25 09:55:00', 'Lorem ipsum dolor sit amet', 'Lorem ipsum dolor sit amet, duo appareat adipiscing ei, cu qui magna accusam. An sed scaevola phaedrum. Cu ubique fastidii euripidis nec, ipsum sonet malorum at vim, commune periculis ea mei. Pri ut aperiri scaevola definitiones, nam ad molestie expetendis, libris tractatos ei mea. Per elitr quaestio concludaturque ex, causae quaeque luptatum eos ei.');
INSERT INTO reviews(book_id,user_id,rating,registered,title,review) VALUES(26, 22, 5.0, '2018-01-25 09:55:00', 'Lorem ipsum dolor sit amet', 'Lorem ipsum dolor sit amet, duo appareat adipiscing ei, cu qui magna accusam. An sed scaevola phaedrum. Cu ubique fastidii euripidis nec, ipsum sonet malorum at vim, commune periculis ea mei. Pri ut aperiri scaevola definitiones, nam ad molestie expetendis, libris tractatos ei mea. Per elitr quaestio concludaturque ex, causae quaeque luptatum eos ei.');
INSERT INTO reviews(book_id,user_id,rating,registered,title,review) VALUES(26, 23, 1.0, '2017-01-25 09:55:00', 'Lorem ipsum dolor sit amet', 'Lorem ipsum dolor sit amet, duo appareat adipiscing ei, cu qui magna accusam. An sed scaevola phaedrum. Cu ubique fastidii euripidis nec, ipsum sonet malorum at vim, commune periculis ea mei. Pri ut aperiri scaevola definitiones, nam ad molestie expetendis, libris tractatos ei mea. Per elitr quaestio concludaturque ex, causae quaeque luptatum eos ei.');
INSERT INTO reviews(book_id,user_id,rating,registered,title,review) VALUES(26, 24, 4.5, '2018-11-25 09:55:00', 'Lorem ipsum dolor sit amet', 'Lorem ipsum dolor sit amet, duo appareat adipiscing ei, cu qui magna accusam. An sed scaevola phaedrum. Cu ubique fastidii euripidis nec, ipsum sonet malorum at vim, commune periculis ea mei. Pri ut aperiri scaevola definitiones, nam ad molestie expetendis, libris tractatos ei mea. Per elitr quaestio concludaturque ex, causae quaeque luptatum eos ei.');
INSERT INTO reviews(book_id,user_id,rating,registered,title,review) VALUES(26, 25, 4.5, '2019-01-20 09:55:00', 'Lorem ipsum dolor sit amet', 'Lorem ipsum dolor sit amet, duo appareat adipiscing ei, cu qui magna accusam. An sed scaevola phaedrum. Cu ubique fastidii euripidis nec, ipsum sonet malorum at vim, commune periculis ea mei. Pri ut aperiri scaevola definitiones, nam ad molestie expetendis, libris tractatos ei mea. Per elitr quaestio concludaturque ex, causae quaeque luptatum eos ei.');
INSERT INTO reviews(book_id,user_id,rating,registered,title,review) VALUES(26, 26, 3.5, '2018-06-25 09:55:00', 'Lorem ipsum dolor sit amet', 'Lorem ipsum dolor sit amet, duo appareat adipiscing ei, cu qui magna accusam. An sed scaevola phaedrum. Cu ubique fastidii euripidis nec, ipsum sonet malorum at vim, commune periculis ea mei. Pri ut aperiri scaevola definitiones, nam ad molestie expetendis, libris tractatos ei mea. Per elitr quaestio concludaturque ex, causae quaeque luptatum eos ei.');
INSERT INTO reviews(book_id,user_id,rating,registered,title,review) VALUES(26, 27, 5.0, '2018-07-25 09:55:00', 'Lorem ipsum dolor sit amet', 'Lorem ipsum dolor sit amet, duo appareat adipiscing ei, cu qui magna accusam. An sed scaevola phaedrum. Cu ubique fastidii euripidis nec, ipsum sonet malorum at vim, commune periculis ea mei. Pri ut aperiri scaevola definitiones, nam ad molestie expetendis, libris tractatos ei mea. Per elitr quaestio concludaturque ex, causae quaeque luptatum eos ei.');
INSERT INTO reviews(book_id,user_id,rating,registered,title,review) VALUES(26, 28, 2.0, '2019-01-02 09:55:00', 'Lorem ipsum dolor sit amet', 'Lorem ipsum dolor sit amet, duo appareat adipiscing ei, cu qui magna accusam. An sed scaevola phaedrum. Cu ubique fastidii euripidis nec, ipsum sonet malorum at vim, commune periculis ea mei. Pri ut aperiri scaevola definitiones, nam ad molestie expetendis, libris tractatos ei mea. Per elitr quaestio concludaturque ex, causae quaeque luptatum eos ei.');
INSERT INTO reviews(book_id,user_id,rating,registered,title,review) VALUES(26, 29, 2.0, '2019-01-01 09:55:00', 'Lorem ipsum dolor sit amet', 'Lorem ipsum dolor sit amet, duo appareat adipiscing ei, cu qui magna accusam. An sed scaevola phaedrum. Cu ubique fastidii euripidis nec, ipsum sonet malorum at vim, commune periculis ea mei. Pri ut aperiri scaevola definitiones, nam ad molestie expetendis, libris tractatos ei mea. Per elitr quaestio concludaturque ex, causae quaeque luptatum eos ei.');
INSERT INTO reviews(book_id,user_id,rating,registered,title,review) VALUES(26, 30, 4.5, '2018-11-03 09:55:00', 'Lorem ipsum dolor sit amet', 'Lorem ipsum dolor sit amet, duo appareat adipiscing ei, cu qui magna accusam. An sed scaevola phaedrum. Cu ubique fastidii euripidis nec, ipsum sonet malorum at vim, commune periculis ea mei. Pri ut aperiri scaevola definitiones, nam ad molestie expetendis, libris tractatos ei mea. Per elitr quaestio concludaturque ex, causae quaeque luptatum eos ei.');
